Office_Abbey.xml,ASHRAE90.1,temporary.epw
Office_Abigail.xml,ASHRAE90.1,temporary.epw
Office_Al.xml,ASHRAE90.1,temporary.epw
Office_Alannah.xml,ASHRAE90.1,temporary.epw
Office_Aliyah.xml,ASHRAE90.1,temporary.epw
Office_Allyson.xml,ASHRAE90.1,temporary.epw
Office_Alyson.xml,ASHRAE90.1,temporary.epw
Office_Amelia.xml,ASHRAE90.1,temporary.epw
Office_Amelie.xml,ASHRAE90.1,temporary.epw
Office_Anastasia.xml,ASHRAE90.1,temporary.epw
Office_Andrea.xml,ASHRAE90.1,temporary.epw
Office_Angelica.xml,ASHRAE90.1,temporary.epw
Office_Angelina.xml,ASHRAE90.1,temporary.epw
Office_Angelo.xml,ASHRAE90.1,temporary.epw
Office_Annika.xml,ASHRAE90.1,temporary.epw
Office_Ashanti.xml,ASHRAE90.1,temporary.epw
Office_Asher.xml,ASHRAE90.1,temporary.epw
Office_Aubrey.xml,ASHRAE90.1,temporary.epw
Office_Autumn.xml,ASHRAE90.1,temporary.epw
Office_Ava.xml,ASHRAE90.1,temporary.epw
Office_Ayden.xml,ASHRAE90.1,temporary.epw
Office_Ayesha.xml,ASHRAE90.1,temporary.epw
Office_Benjamin.xml,ASHRAE90.1,temporary.epw
Office_Benthe.xml,ASHRAE90.1,temporary.epw
Office_Bianca.xml,ASHRAE90.1,temporary.epw
Office_Bobbi.xml,ASHRAE90.1,temporary.epw
Office_Brian.xml,ASHRAE90.1,temporary.epw
Office_Bryon.xml,ASHRAE90.1,temporary.epw
Office_Caleb.xml,ASHRAE90.1,temporary.epw
Office_Cameron.xml,ASHRAE90.1,temporary.epw
Office_Carissa.xml,ASHRAE90.1,temporary.epw
Office_Carolina.xml,ASHRAE90.1,temporary.epw
Office_Catherine.xml,ASHRAE90.1,temporary.epw
Office_Cecelia.xml,ASHRAE90.1,temporary.epw
Office_Charles.xml,ASHRAE90.1,temporary.epw
Office_Clarissa.xml,ASHRAE90.1,temporary.epw
Office_Clifton.xml,ASHRAE90.1,temporary.epw
Office_Clinton.xml,ASHRAE90.1,temporary.epw
Office_Cody.xml,ASHRAE90.1,temporary.epw
Office_Colby.xml,ASHRAE90.1,temporary.epw
Office_Conrad.xml,ASHRAE90.1,temporary.epw
Office_Cora.xml,ASHRAE90.1,temporary.epw
Office_Corbin.xml,ASHRAE90.1,temporary.epw
Office_Cristina.xml,ASHRAE90.1,temporary.epw
Office_Curt.xml,ASHRAE90.1,temporary.epw
Office_Dawn.xml,ASHRAE90.1,temporary.epw
Office_Dorian.xml,ASHRAE90.1,temporary.epw
Office_Eddie.xml,ASHRAE90.1,temporary.epw
Office_Eileen.xml,ASHRAE90.1,temporary.epw
Office_Elena.xml,ASHRAE90.1,temporary.epw
Office_Elizabeth.xml,ASHRAE90.1,temporary.epw
Office_Ellie.xml,ASHRAE90.1,temporary.epw
Office_Elliot.xml,ASHRAE90.1,temporary.epw
Office_Ellis.xml,ASHRAE90.1,temporary.epw
Office_Emer.xml,ASHRAE90.1,temporary.epw
Office_Emerald.xml,ASHRAE90.1,temporary.epw
Office_Erik.xml,ASHRAE90.1,temporary.epw
Office_Evelyn.xml,ASHRAE90.1,temporary.epw
Office_Gabriela.xml,ASHRAE90.1,temporary.epw
Office_Garman.xml,ASHRAE90.1,temporary.epw
Office_Garrett.xml,ASHRAE90.1,temporary.epw
Office_Gemma.xml,ASHRAE90.1,temporary.epw
Office_Georgia.xml,ASHRAE90.1,temporary.epw
Office_Gisselle.xml,ASHRAE90.1,temporary.epw
Office_Gladys.xml,ASHRAE90.1,temporary.epw
Office_Glenda.xml,ASHRAE90.1,temporary.epw
Office_Glenn.xml,ASHRAE90.1,temporary.epw
Office_Gloria.xml,ASHRAE90.1,temporary.epw
Office_Guillermo.xml,ASHRAE90.1,temporary.epw
Office_Gustavo.xml,ASHRAE90.1,temporary.epw
Office_Jackie.xml,ASHRAE90.1,temporary.epw
Office_Jackson.xml,ASHRAE90.1,temporary.epw
Office_Jan.xml,ASHRAE90.1,temporary.epw
Office_Javon.xml,ASHRAE90.1,temporary.epw
Office_Jayden.xml,ASHRAE90.1,temporary.epw
Office_Jeanne.xml,ASHRAE90.1,temporary.epw
Office_Jerry.xml,ASHRAE90.1,temporary.epw
Office_Jesus.xml,ASHRAE90.1,temporary.epw
Office_Jett.xml,ASHRAE90.1,temporary.epw
Office_Joan.xml,ASHRAE90.1,temporary.epw
Office_John.xml,ASHRAE90.1,temporary.epw
Office_Joni.xml,ASHRAE90.1,temporary.epw
Office_Jude.xml,ASHRAE90.1,temporary.epw
Office_Lane.xml,ASHRAE90.1,temporary.epw
Office_Leland.xml,ASHRAE90.1,temporary.epw
Office_Lena.xml,ASHRAE90.1,temporary.epw
Office_Lesa.xml,ASHRAE90.1,temporary.epw
Office_Lillian.xml,ASHRAE90.1,temporary.epw
Office_Louise.xml,ASHRAE90.1,temporary.epw
Office_Luann.xml,ASHRAE90.1,temporary.epw
Office_Mada.xml,ASHRAE90.1,temporary.epw
Office_Madeleine.xml,ASHRAE90.1,temporary.epw
Office_Madisyn.xml,ASHRAE90.1,temporary.epw
Office_Malik.xml,ASHRAE90.1,temporary.epw
Office_Marc.xml,ASHRAE90.1,temporary.epw
Office_Marcia.xml,ASHRAE90.1,temporary.epw
Office_Marcus.xml,ASHRAE90.1,temporary.epw
Office_Marianne.xml,ASHRAE90.1,temporary.epw
Office_Marilyn.xml,ASHRAE90.1,temporary.epw
Office_Marion.xml,ASHRAE90.1,temporary.epw
Office_Mark.xml,ASHRAE90.1,temporary.epw
Office_Marla.xml,ASHRAE90.1,temporary.epw
Office_Marlon.xml,ASHRAE90.1,temporary.epw
Office_Martha.xml,ASHRAE90.1,temporary.epw
Office_Martin.xml,ASHRAE90.1,temporary.epw
Office_Marvin.xml,ASHRAE90.1,temporary.epw
Office_Mary.xml,ASHRAE90.1,temporary.epw
Office_Maryann.xml,ASHRAE90.1,temporary.epw
Office_Mason.xml,ASHRAE90.1,temporary.epw
Office_Mat.xml,ASHRAE90.1,temporary.epw
Office_Matthew.xml,ASHRAE90.1,temporary.epw
Office_Max.xml,ASHRAE90.1,temporary.epw
Office_Maximus.xml,ASHRAE90.1,temporary.epw
Office_Maya.xml,ASHRAE90.1,temporary.epw
Office_Megan.xml,ASHRAE90.1,temporary.epw
Office_Melinda.xml,ASHRAE90.1,temporary.epw
Office_Mercedes.xml,ASHRAE90.1,temporary.epw
Office_Michael.xml,ASHRAE90.1,temporary.epw
Office_Micheal.xml,ASHRAE90.1,temporary.epw
Office_Mick.xml,ASHRAE90.1,temporary.epw
Office_Mikayla.xml,ASHRAE90.1,temporary.epw
Office_Milton.xml,ASHRAE90.1,temporary.epw
Office_Mohammed.xml,ASHRAE90.1,temporary.epw
Office_Moises.xml,ASHRAE90.1,temporary.epw
Office_Monty.xml,ASHRAE90.1,temporary.epw
Office_Morgan.xml,ASHRAE90.1,temporary.epw
Office_Moses.xml,ASHRAE90.1,temporary.epw
Office_Muhammad.xml,ASHRAE90.1,temporary.epw
Office_Myron.xml,ASHRAE90.1,temporary.epw
Office_Natasha.xml,ASHRAE90.1,temporary.epw
Office_Nelson.xml,ASHRAE90.1,temporary.epw
Office_Noel.xml,ASHRAE90.1,temporary.epw
Office_Paige.xml,ASHRAE90.1,temporary.epw
Office_Pam.xml,ASHRAE90.1,temporary.epw
Office_Pamela.xml,ASHRAE90.1,temporary.epw
Office_Pasquale.xml,ASHRAE90.1,temporary.epw
Office_Pat.xml,ASHRAE90.1,temporary.epw
Office_Patricia.xml,ASHRAE90.1,temporary.epw
Office_Paula.xml,ASHRAE90.1,temporary.epw
Office_Paulette.xml,ASHRAE90.1,temporary.epw
Office_Paulina.xml,ASHRAE90.1,temporary.epw
Office_Pauline.xml,ASHRAE90.1,temporary.epw
Office_Penny.xml,ASHRAE90.1,temporary.epw
Office_Perla.xml,ASHRAE90.1,temporary.epw
Office_Phebian.xml,ASHRAE90.1,temporary.epw
Office_Precious.xml,ASHRAE90.1,temporary.epw
Office_Scottie.xml,ASHRAE90.1,temporary.epw
Office_Shari.xml,ASHRAE90.1,temporary.epw
Office_Shawnette.xml,ASHRAE90.1,temporary.epw
Office_Shelly.xml,ASHRAE90.1,temporary.epw
Office_Sinead.xml,ASHRAE90.1,temporary.epw
Office_Skyler.xml,ASHRAE90.1,temporary.epw
Office_Stella.xml,ASHRAE90.1,temporary.epw
Office_Terrell.xml,ASHRAE90.1,temporary.epw
Office_Tod.xml,ASHRAE90.1,temporary.epw
Office_Travis.xml,ASHRAE90.1,temporary.epw