PrimClass_Angel.xml,ASHRAE90.1,temporary.epw
PrimClass_Angela.xml,ASHRAE90.1,temporary.epw
PrimClass_Ebony.xml,ASHRAE90.1,temporary.epw
PrimClass_Edmund.xml,ASHRAE90.1,temporary.epw
PrimClass_Edwin.xml,ASHRAE90.1,temporary.epw
PrimClass_Eleanor.xml,ASHRAE90.1,temporary.epw
PrimClass_Eli.xml,ASHRAE90.1,temporary.epw
PrimClass_Elijah.xml,ASHRAE90.1,temporary.epw
PrimClass_Elisabeth.xml,ASHRAE90.1,temporary.epw
PrimClass_Ellen.xml,ASHRAE90.1,temporary.epw
PrimClass_Elliott.xml,ASHRAE90.1,temporary.epw
PrimClass_Elmer.xml,ASHRAE90.1,temporary.epw
PrimClass_Emanuela.xml,ASHRAE90.1,temporary.epw
PrimClass_Emilio.xml,ASHRAE90.1,temporary.epw
PrimClass_Emily.xml,ASHRAE90.1,temporary.epw
PrimClass_Eoghan.xml,ASHRAE90.1,temporary.epw
PrimClass_Ernest.xml,ASHRAE90.1,temporary.epw
PrimClass_Ernesto.xml,ASHRAE90.1,temporary.epw
PrimClass_Ervin.xml,ASHRAE90.1,temporary.epw
PrimClass_Esmeralda.xml,ASHRAE90.1,temporary.epw
PrimClass_Ethan.xml,ASHRAE90.1,temporary.epw
PrimClass_Ethel.xml,ASHRAE90.1,temporary.epw
PrimClass_Eva.xml,ASHRAE90.1,temporary.epw
PrimClass_Everett.xml,ASHRAE90.1,temporary.epw
PrimClass_Evie.xml,ASHRAE90.1,temporary.epw
PrimClass_Ezekiel.xml,ASHRAE90.1,temporary.epw
PrimClass_Ezra.xml,ASHRAE90.1,temporary.epw
PrimClass_Jacob.xml,ASHRAE90.1,temporary.epw
PrimClass_Jacqueline.xml,ASHRAE90.1,temporary.epw
PrimClass_Jacquelyn.xml,ASHRAE90.1,temporary.epw
PrimClass_Jaden.xml,ASHRAE90.1,temporary.epw
PrimClass_Jaiden.xml,ASHRAE90.1,temporary.epw
PrimClass_Jake.xml,ASHRAE90.1,temporary.epw
PrimClass_Jamal.xml,ASHRAE90.1,temporary.epw
PrimClass_Jamie.xml,ASHRAE90.1,temporary.epw
PrimClass_Jane.xml,ASHRAE90.1,temporary.epw
PrimClass_Janelle.xml,ASHRAE90.1,temporary.epw
PrimClass_Janet.xml,ASHRAE90.1,temporary.epw
PrimClass_Janice.xml,ASHRAE90.1,temporary.epw
PrimClass_Janie.xml,ASHRAE90.1,temporary.epw
PrimClass_Janis.xml,ASHRAE90.1,temporary.epw
PrimClass_Janiya.xml,ASHRAE90.1,temporary.epw
PrimClass_Jaqueline.xml,ASHRAE90.1,temporary.epw
PrimClass_Jarrett.xml,ASHRAE90.1,temporary.epw
PrimClass_Jasmine.xml,ASHRAE90.1,temporary.epw
PrimClass_Javier.xml,ASHRAE90.1,temporary.epw
PrimClass_Jaxson.xml,ASHRAE90.1,temporary.epw
PrimClass_Jayda.xml,ASHRAE90.1,temporary.epw
PrimClass_Jayla.xml,ASHRAE90.1,temporary.epw
PrimClass_Jaylin.xml,ASHRAE90.1,temporary.epw
PrimClass_Jaylinn.xml,ASHRAE90.1,temporary.epw
PrimClass_Jayson.xml,ASHRAE90.1,temporary.epw
PrimClass_Jazmin.xml,ASHRAE90.1,temporary.epw
PrimClass_Jazmine.xml,ASHRAE90.1,temporary.epw
PrimClass_Jean.xml,ASHRAE90.1,temporary.epw
PrimClass_Jeanette.xml,ASHRAE90.1,temporary.epw
PrimClass_Jeanine.xml,ASHRAE90.1,temporary.epw
PrimClass_Jeannine.xml,ASHRAE90.1,temporary.epw
PrimClass_Jediah.xml,ASHRAE90.1,temporary.epw
PrimClass_Jeff.xml,ASHRAE90.1,temporary.epw
PrimClass_Jeffery.xml,ASHRAE90.1,temporary.epw
PrimClass_Jeffrey.xml,ASHRAE90.1,temporary.epw
PrimClass_Jenna.xml,ASHRAE90.1,temporary.epw
PrimClass_Jennie.xml,ASHRAE90.1,temporary.epw
PrimClass_Jennifer.xml,ASHRAE90.1,temporary.epw
PrimClass_Jensen.xml,ASHRAE90.1,temporary.epw
PrimClass_Jeremy.xml,ASHRAE90.1,temporary.epw
PrimClass_Jermaine.xml,ASHRAE90.1,temporary.epw
PrimClass_Jerome.xml,ASHRAE90.1,temporary.epw
PrimClass_Jesse.xml,ASHRAE90.1,temporary.epw
PrimClass_Jessie.xml,ASHRAE90.1,temporary.epw
PrimClass_Jill.xml,ASHRAE90.1,temporary.epw
PrimClass_Jim.xml,ASHRAE90.1,temporary.epw
PrimClass_Jimmie.xml,ASHRAE90.1,temporary.epw
PrimClass_Joanna.xml,ASHRAE90.1,temporary.epw
PrimClass_Jocelyn.xml,ASHRAE90.1,temporary.epw
PrimClass_Jodie.xml,ASHRAE90.1,temporary.epw
PrimClass_Jody.xml,ASHRAE90.1,temporary.epw
PrimClass_Joel.xml,ASHRAE90.1,temporary.epw
PrimClass_Joey.xml,ASHRAE90.1,temporary.epw
PrimClass_Johanna.xml,ASHRAE90.1,temporary.epw
PrimClass_Johnathan.xml,ASHRAE90.1,temporary.epw
PrimClass_Johnathon.xml,ASHRAE90.1,temporary.epw
PrimClass_Johnnie.xml,ASHRAE90.1,temporary.epw
PrimClass_Jolie.xml,ASHRAE90.1,temporary.epw
PrimClass_Jon.xml,ASHRAE90.1,temporary.epw
PrimClass_Jonathon.xml,ASHRAE90.1,temporary.epw
PrimClass_Jose.xml,ASHRAE90.1,temporary.epw
PrimClass_Joselyn.xml,ASHRAE90.1,temporary.epw
PrimClass_Josephine.xml,ASHRAE90.1,temporary.epw
PrimClass_Josue.xml,ASHRAE90.1,temporary.epw
PrimClass_Juanita.xml,ASHRAE90.1,temporary.epw
PrimClass_Judith.xml,ASHRAE90.1,temporary.epw
PrimClass_Judy.xml,ASHRAE90.1,temporary.epw
PrimClass_Julian.xml,ASHRAE90.1,temporary.epw
PrimClass_Julianna.xml,ASHRAE90.1,temporary.epw
PrimClass_Julianne.xml,ASHRAE90.1,temporary.epw
PrimClass_Julio.xml,ASHRAE90.1,temporary.epw
PrimClass_Julius.xml,ASHRAE90.1,temporary.epw
PrimClass_Justice.xml,ASHRAE90.1,temporary.epw
PrimClass_Justin.xml,ASHRAE90.1,temporary.epw
PrimClass_Ulysses.xml,ASHRAE90.1,temporary.epw
PrimClass_Uma.xml,ASHRAE90.1,temporary.epw
PrimClass_Umar.xml,ASHRAE90.1,temporary.epw
PrimClass_Uriah.xml,ASHRAE90.1,temporary.epw