UnivLab_Adrian.xml,ASHRAE90.1,temporary.epw
UnivLab_Aine.xml,ASHRAE90.1,temporary.epw
UnivLab_Alaina.xml,ASHRAE90.1,temporary.epw
UnivLab_Albert.xml,ASHRAE90.1,temporary.epw
UnivLab_Alberto.xml,ASHRAE90.1,temporary.epw
UnivLab_Alexis.xml,ASHRAE90.1,temporary.epw
UnivLab_Alfonso.xml,ASHRAE90.1,temporary.epw
UnivLab_Ali.xml,ASHRAE90.1,temporary.epw
UnivLab_Alina.xml,ASHRAE90.1,temporary.epw
UnivLab_Alisa.xml,ASHRAE90.1,temporary.epw
UnivLab_Allan.xml,ASHRAE90.1,temporary.epw
UnivLab_Allison.xml,ASHRAE90.1,temporary.epw
UnivLab_Amaya.xml,ASHRAE90.1,temporary.epw
UnivLab_Amy.xml,ASHRAE90.1,temporary.epw
UnivLab_Ana.xml,ASHRAE90.1,temporary.epw
UnivLab_Andre.xml,ASHRAE90.1,temporary.epw
UnivLab_Angie.xml,ASHRAE90.1,temporary.epw
UnivLab_Anita.xml,ASHRAE90.1,temporary.epw
UnivLab_Aniya.xml,ASHRAE90.1,temporary.epw
UnivLab_Annabelle.xml,ASHRAE90.1,temporary.epw
UnivLab_Annette.xml,ASHRAE90.1,temporary.epw
UnivLab_Aoife.xml,ASHRAE90.1,temporary.epw
UnivLab_Arianna.xml,ASHRAE90.1,temporary.epw
UnivLab_Ariel.xml,ASHRAE90.1,temporary.epw
UnivLab_Ashlee.xml,ASHRAE90.1,temporary.epw
UnivLab_Ashlynn.xml,ASHRAE90.1,temporary.epw
UnivLab_Ashton.xml,ASHRAE90.1,temporary.epw
UnivLab_Audra.xml,ASHRAE90.1,temporary.epw
UnivLab_Aurora.xml,ASHRAE90.1,temporary.epw
UnivLab_Bert.xml,ASHRAE90.1,temporary.epw
UnivLab_Beth.xml,ASHRAE90.1,temporary.epw
UnivLab_Bethany.xml,ASHRAE90.1,temporary.epw
UnivLab_Brad.xml,ASHRAE90.1,temporary.epw
UnivLab_Brenna.xml,ASHRAE90.1,temporary.epw
UnivLab_Caesar.xml,ASHRAE90.1,temporary.epw
UnivLab_Caitlin.xml,ASHRAE90.1,temporary.epw
UnivLab_Callie.xml,ASHRAE90.1,temporary.epw
UnivLab_Cam.xml,ASHRAE90.1,temporary.epw
UnivLab_Camryn.xml,ASHRAE90.1,temporary.epw
UnivLab_Carley.xml,ASHRAE90.1,temporary.epw
UnivLab_Carlos.xml,ASHRAE90.1,temporary.epw
UnivLab_Carlton.xml,ASHRAE90.1,temporary.epw
UnivLab_Carol.xml,ASHRAE90.1,temporary.epw
UnivLab_Carole.xml,ASHRAE90.1,temporary.epw
UnivLab_Cayden.xml,ASHRAE90.1,temporary.epw
UnivLab_Cecil.xml,ASHRAE90.1,temporary.epw
UnivLab_Cedric.xml,ASHRAE90.1,temporary.epw
UnivLab_Cesar.xml,ASHRAE90.1,temporary.epw
UnivLab_Cheyanne.xml,ASHRAE90.1,temporary.epw
UnivLab_Christine.xml,ASHRAE90.1,temporary.epw
UnivLab_Christy.xml,ASHRAE90.1,temporary.epw
UnivLab_Ciel.xml,ASHRAE90.1,temporary.epw
UnivLab_Cindy.xml,ASHRAE90.1,temporary.epw
UnivLab_Clint.xml,ASHRAE90.1,temporary.epw
UnivLab_Clodagh.xml,ASHRAE90.1,temporary.epw
UnivLab_Collin.xml,ASHRAE90.1,temporary.epw
UnivLab_Cory.xml,ASHRAE90.1,temporary.epw
UnivLab_Cristian.xml,ASHRAE90.1,temporary.epw
UnivLab_Crystal.xml,ASHRAE90.1,temporary.epw
UnivLab_Dianna.xml,ASHRAE90.1,temporary.epw
UnivLab_Lauren.xml,ASHRAE90.1,temporary.epw
UnivLab_Lea.xml,ASHRAE90.1,temporary.epw
UnivLab_Lee.xml,ASHRAE90.1,temporary.epw
UnivLab_Lester.xml,ASHRAE90.1,temporary.epw
UnivLab_Levi.xml,ASHRAE90.1,temporary.epw
UnivLab_Lilly.xml,ASHRAE90.1,temporary.epw
UnivLab_Louie.xml,ASHRAE90.1,temporary.epw
UnivLab_Lyle.xml,ASHRAE90.1,temporary.epw
UnivLab_Mack.xml,ASHRAE90.1,temporary.epw
UnivLab_Madelyn.xml,ASHRAE90.1,temporary.epw
UnivLab_Margret.xml,ASHRAE90.1,temporary.epw
UnivLab_Mariana.xml,ASHRAE90.1,temporary.epw
UnivLab_Marie.xml,ASHRAE90.1,temporary.epw
UnivLab_Mario.xml,ASHRAE90.1,temporary.epw
UnivLab_Marshall.xml,ASHRAE90.1,temporary.epw
UnivLab_Miles.xml,ASHRAE90.1,temporary.epw
UnivLab_Neil.xml,ASHRAE90.1,temporary.epw
UnivLab_Paris.xml,ASHRAE90.1,temporary.epw
UnivLab_Parker.xml,ASHRAE90.1,temporary.epw
UnivLab_Patrick.xml,ASHRAE90.1,temporary.epw
UnivLab_Patsy.xml,ASHRAE90.1,temporary.epw
UnivLab_Paul.xml,ASHRAE90.1,temporary.epw
UnivLab_Peggy.xml,ASHRAE90.1,temporary.epw
UnivLab_Peyton.xml,ASHRAE90.1,temporary.epw
UnivLab_Phil.xml,ASHRAE90.1,temporary.epw
UnivLab_Preston.xml,ASHRAE90.1,temporary.epw
UnivLab_Priscilla.xml,ASHRAE90.1,temporary.epw
UnivLab_Santiago.xml,ASHRAE90.1,temporary.epw
UnivLab_Susan.xml,ASHRAE90.1,temporary.epw
UnivLab_Suzette.xml,ASHRAE90.1,temporary.epw
UnivLab_Tami.xml,ASHRAE90.1,temporary.epw
UnivLab_Taylor.xml,ASHRAE90.1,temporary.epw
UnivLab_Terrie.xml,ASHRAE90.1,temporary.epw
UnivLab_Tracie.xml,ASHRAE90.1,temporary.epw
UnivLab_Tracy.xml,ASHRAE90.1,temporary.epw
