UnivDorm_Adan.xml,ASHRAE90.1,temporary.epw
UnivDorm_Adriana.xml,ASHRAE90.1,temporary.epw
UnivDorm_Ahmad.xml,ASHRAE90.1,temporary.epw
UnivDorm_Alex.xml,ASHRAE90.1,temporary.epw
UnivDorm_Alka.xml,ASHRAE90.1,temporary.epw
UnivDorm_Alonzo.xml,ASHRAE90.1,temporary.epw
UnivDorm_Alphonso.xml,ASHRAE90.1,temporary.epw
UnivDorm_Alyshialynn.xml,ASHRAE90.1,temporary.epw
UnivDorm_Alyssa.xml,ASHRAE90.1,temporary.epw
UnivDorm_Antonio.xml,ASHRAE90.1,temporary.epw
UnivDorm_April.xml,ASHRAE90.1,temporary.epw
UnivDorm_Ashleigh.xml,ASHRAE90.1,temporary.epw
UnivDorm_Avery.xml,ASHRAE90.1,temporary.epw
UnivDorm_Camila.xml,ASHRAE90.1,temporary.epw
UnivDorm_Candace.xml,ASHRAE90.1,temporary.epw
UnivDorm_Cara.xml,ASHRAE90.1,temporary.epw
UnivDorm_Carey.xml,ASHRAE90.1,temporary.epw
UnivDorm_Carla.xml,ASHRAE90.1,temporary.epw
UnivDorm_Carter.xml,ASHRAE90.1,temporary.epw
UnivDorm_Casey.xml,ASHRAE90.1,temporary.epw
UnivDorm_Cathal.xml,ASHRAE90.1,temporary.epw
UnivDorm_Cathalina.xml,ASHRAE90.1,temporary.epw
UnivDorm_Cecilia.xml,ASHRAE90.1,temporary.epw
UnivDorm_Celeste.xml,ASHRAE90.1,temporary.epw
UnivDorm_Chelsey.xml,ASHRAE90.1,temporary.epw
UnivDorm_Cheri.xml,ASHRAE90.1,temporary.epw
UnivDorm_Chester.xml,ASHRAE90.1,temporary.epw
UnivDorm_Cheyenne.xml,ASHRAE90.1,temporary.epw
UnivDorm_Christi.xml,ASHRAE90.1,temporary.epw
UnivDorm_Christopher.xml,ASHRAE90.1,temporary.epw
UnivDorm_Cian.xml,ASHRAE90.1,temporary.epw
UnivDorm_Ciaran.xml,ASHRAE90.1,temporary.epw
UnivDorm_Claudia.xml,ASHRAE90.1,temporary.epw
UnivDorm_Clayton.xml,ASHRAE90.1,temporary.epw
UnivDorm_Colton.xml,ASHRAE90.1,temporary.epw
UnivDorm_Constance.xml,ASHRAE90.1,temporary.epw
UnivDorm_Cooper.xml,ASHRAE90.1,temporary.epw
UnivDorm_Corey.xml,ASHRAE90.1,temporary.epw
UnivDorm_Cornelius.xml,ASHRAE90.1,temporary.epw
UnivDorm_Curtis.xml,ASHRAE90.1,temporary.epw
UnivDorm_Jeannette.xml,ASHRAE90.1,temporary.epw
UnivDorm_Laura.xml,ASHRAE90.1,temporary.epw
UnivDorm_Lawrence.xml,ASHRAE90.1,temporary.epw
UnivDorm_Leann.xml,ASHRAE90.1,temporary.epw
UnivDorm_Leonard.xml,ASHRAE90.1,temporary.epw
UnivDorm_Leslie.xml,ASHRAE90.1,temporary.epw
UnivDorm_Leticia.xml,ASHRAE90.1,temporary.epw
UnivDorm_Lorraine.xml,ASHRAE90.1,temporary.epw
UnivDorm_Lysander.xml,ASHRAE90.1,temporary.epw
UnivDorm_Malachi.xml,ASHRAE90.1,temporary.epw
UnivDorm_Malcolm.xml,ASHRAE90.1,temporary.epw
UnivDorm_Marlene.xml,ASHRAE90.1,temporary.epw
UnivDorm_Marquis.xml,ASHRAE90.1,temporary.epw
UnivDorm_Mathew.xml,ASHRAE90.1,temporary.epw
UnivDorm_Mauricio.xml,ASHRAE90.1,temporary.epw
UnivDorm_Mckenzie.xml,ASHRAE90.1,temporary.epw
UnivDorm_Mitch.xml,ASHRAE90.1,temporary.epw
UnivDorm_Paola.xml,ASHRAE90.1,temporary.epw
UnivDorm_Patrice.xml,ASHRAE90.1,temporary.epw
UnivDorm_Patti.xml,ASHRAE90.1,temporary.epw
UnivDorm_Patty.xml,ASHRAE90.1,temporary.epw
UnivDorm_Payton.xml,ASHRAE90.1,temporary.epw
UnivDorm_Pedro.xml,ASHRAE90.1,temporary.epw
UnivDorm_Petar.xml,ASHRAE90.1,temporary.epw
UnivDorm_Phillip.xml,ASHRAE90.1,temporary.epw
UnivDorm_Phoebe.xml,ASHRAE90.1,temporary.epw
UnivDorm_Piper.xml,ASHRAE90.1,temporary.epw
UnivDorm_Poppy.xml,ASHRAE90.1,temporary.epw
UnivDorm_Prince.xml,ASHRAE90.1,temporary.epw
UnivDorm_Una.xml,ASHRAE90.1,temporary.epw