UnivClass_Abby.xml,ASHRAE90.1,temporary.epw
UnivClass_Abraham.xml,ASHRAE90.1,temporary.epw
UnivClass_Adrienne.xml,ASHRAE90.1,temporary.epw
UnivClass_Aidan.xml,ASHRAE90.1,temporary.epw
UnivClass_Alec.xml,ASHRAE90.1,temporary.epw
UnivClass_Alejandra.xml,ASHRAE90.1,temporary.epw
UnivClass_Alexander.xml,ASHRAE90.1,temporary.epw
UnivClass_Alexandra.xml,ASHRAE90.1,temporary.epw
UnivClass_Alexandria.xml,ASHRAE90.1,temporary.epw
UnivClass_Alexus.xml,ASHRAE90.1,temporary.epw
UnivClass_Alfredo.xml,ASHRAE90.1,temporary.epw
UnivClass_Alicia.xml,ASHRAE90.1,temporary.epw
UnivClass_Allen.xml,ASHRAE90.1,temporary.epw
UnivClass_Alvin.xml,ASHRAE90.1,temporary.epw
UnivClass_Amari.xml,ASHRAE90.1,temporary.epw
UnivClass_Amya.xml,ASHRAE90.1,temporary.epw
UnivClass_Anamaria.xml,ASHRAE90.1,temporary.epw
UnivClass_Andy.xml,ASHRAE90.1,temporary.epw
UnivClass_Anika.xml,ASHRAE90.1,temporary.epw
UnivClass_Annabella.xml,ASHRAE90.1,temporary.epw
UnivClass_Anne.xml,ASHRAE90.1,temporary.epw
UnivClass_Annmarie.xml,ASHRAE90.1,temporary.epw
UnivClass_Antoinette.xml,ASHRAE90.1,temporary.epw
UnivClass_Anya.xml,ASHRAE90.1,temporary.epw
UnivClass_Aoibhe.xml,ASHRAE90.1,temporary.epw
UnivClass_Archie.xml,ASHRAE90.1,temporary.epw
UnivClass_Ariana.xml,ASHRAE90.1,temporary.epw
UnivClass_Armando.xml,ASHRAE90.1,temporary.epw
UnivClass_Axel.xml,ASHRAE90.1,temporary.epw
UnivClass_Ayanna.xml,ASHRAE90.1,temporary.epw
UnivClass_Beatrice.xml,ASHRAE90.1,temporary.epw
UnivClass_Bob.xml,ASHRAE90.1,temporary.epw
UnivClass_Boyd.xml,ASHRAE90.1,temporary.epw
UnivClass_Brett.xml,ASHRAE90.1,temporary.epw
UnivClass_Caitlyn.xml,ASHRAE90.1,temporary.epw
UnivClass_Calvin.xml,ASHRAE90.1,temporary.epw
UnivClass_Camden.xml,ASHRAE90.1,temporary.epw
UnivClass_Candy.xml,ASHRAE90.1,temporary.epw
UnivClass_Caoimhe.xml,ASHRAE90.1,temporary.epw
UnivClass_Carl.xml,ASHRAE90.1,temporary.epw
UnivClass_Carolyn.xml,ASHRAE90.1,temporary.epw
UnivClass_Cathleen.xml,ASHRAE90.1,temporary.epw
UnivClass_Celia.xml,ASHRAE90.1,temporary.epw
UnivClass_Chandler.xml,ASHRAE90.1,temporary.epw
UnivClass_Charlie.xml,ASHRAE90.1,temporary.epw
UnivClass_Christian.xml,ASHRAE90.1,temporary.epw
UnivClass_Ciara.xml,ASHRAE90.1,temporary.epw
UnivClass_Clay.xml,ASHRAE90.1,temporary.epw
UnivClass_Clifford.xml,ASHRAE90.1,temporary.epw
UnivClass_Colette.xml,ASHRAE90.1,temporary.epw
UnivClass_Conner.xml,ASHRAE90.1,temporary.epw
UnivClass_Conor.xml,ASHRAE90.1,temporary.epw
UnivClass_Craig.xml,ASHRAE90.1,temporary.epw
UnivClass_Jadon.xml,ASHRAE90.1,temporary.epw
UnivClass_Maddison.xml,ASHRAE90.1,temporary.epw
UnivClass_Nash.xml,ASHRAE90.1,temporary.epw
UnivClass_Nathaniel.xml,ASHRAE90.1,temporary.epw
UnivClass_Nayeli.xml,ASHRAE90.1,temporary.epw
UnivClass_Nelly.xml,ASHRAE90.1,temporary.epw
UnivClass_Nicholas.xml,ASHRAE90.1,temporary.epw
UnivClass_Nickolas.xml,ASHRAE90.1,temporary.epw
UnivClass_Nishka.xml,ASHRAE90.1,temporary.epw
UnivClass_Noreen.xml,ASHRAE90.1,temporary.epw
UnivClass_Pandora.xml,ASHRAE90.1,temporary.epw
UnivClass_Pete.xml,ASHRAE90.1,temporary.epw
UnivClass_Peter.xml,ASHRAE90.1,temporary.epw
UnivClass_Philip.xml,ASHRAE90.1,temporary.epw
UnivClass_Phyllis.xml,ASHRAE90.1,temporary.epw
UnivClass_Sam.xml,ASHRAE90.1,temporary.epw
UnivClass_Seb.xml,ASHRAE90.1,temporary.epw
UnivClass_Serenity.xml,ASHRAE90.1,temporary.epw
UnivClass_Shawna.xml,ASHRAE90.1,temporary.epw
UnivClass_Sheila.xml,ASHRAE90.1,temporary.epw
UnivClass_Stephanie.xml,ASHRAE90.1,temporary.epw
UnivClass_Stephen.xml,ASHRAE90.1,temporary.epw
UnivClass_Stuart.xml,ASHRAE90.1,temporary.epw
UnivClass_Sylvia.xml,ASHRAE90.1,temporary.epw
UnivClass_Tammy.xml,ASHRAE90.1,temporary.epw
UnivClass_Tamra.xml,ASHRAE90.1,temporary.epw
UnivClass_Teri.xml,ASHRAE90.1,temporary.epw
UnivClass_Therese.xml,ASHRAE90.1,temporary.epw